"image","xmin","ymin","xmax","ymax","label"
"toiletpapier_jur_1.jpg",876.6382978723404,189.44682214615193,3407.3617021276596,2713.021276595745,"toiletpapier"